4,6.83
19.32,19.43,41.74,7.44,6.83
19.32,19.43,41.74,7.37,6.83
19.32,19.43,41.74,7.48,6.83
19.32,19.43,41.74,7.44,6.83
,7.44,6.83
19.32,19.43,41.74,7.44,6.83
19.32,19.43,41.74,7.37,6.83
19.32,19.43,41.74,7.48,6.83
19.32,19.43,41.74,7.44,6.83
""
0.00,0.00,41.74,7.44,6.79
0.00,0.00,41.74,7.44,6.79
0.00,0.00,41.74,7.37,6.83
0.00,0.01,41.74,7.41,6.83
0.00,0.01,41.72,7.41,6.83
0.00,0.01,41.73,7.41,6.83
0.00,0.02,41.74,7.48,6.83
0.00,0.02,41.73,7.44,6.83
0.00,0.02,41.74,7.41,6.83
0.00,0.02,41.73,7.41,6.83
0.00,0.02,41.74,7.41,6.86
0.00,0.02,41.73,7.41,6.83
0.00,0.02,41.72,7.37,6.86
0.00,0.03,41.74,7.48,6.86
0.00,0.03,41.73,7.41,6.86
0.00,0.03,41.72,7.41,6.86
0.00,0.03,41.75,7.48,6.86
0.00,0.03,41.74,7.33,6.86
0.00,0.04,41.73,7.44,6.86
0.00,0.04,41.73,7.41,6.86
0.00,0.04,41.73,7.37,6.86
0.00,0.04,41.73,7.44,6.86
0.00,0.04,41.74,7.44,6.90
0.00,0.04,41.73,7.41,6.90
0.00,0.04,41.73,7.37,6.90
0.00,0.04,41.74,7.41,6.90
0.00,0.04,41.74,7.41,6.90
0.00,0.04,41.74,7.33,6.90
0.00,0.04,41.72,7.41,6.86
0.00,0.05,41.75,7.41,6.90
0.00,0.05,41.73,7.33,6.90
0.00,0.05,41.72,7.48,6.90
0.00,0.05,41.74,7.44,6.90
0.00,0.05,41.73,7.44,6.90
0.00,0.05,41.74,7.48,6.86
0.00,0.05,41.74,7.37,6.97
0.00,0.05,41.75,7.41,6.90
0.00,0.05,41.73,7.41,6.90
0.00,0.05,41.74,7.41,6.90
0.00,0.05,41.71,7.41,6.90
0.00,0.05,41.73,7.41,6.93
0.00,0.05,41.73,7.41,6.90
0.00,0.05,41.73,7.37,6.90
0.00,0.05,41.73,7.44,6.90
0.00,0.05,41.71,7.41,6.90
0.00,0.05,41.72,7.33,6.90
0.00,0.05,41.73,7.44,6.90
0.00,0.05,41.73,7.44,6.90
0.00,0.05,41.73,7.37,6.93
0.00,0.05,41.71,7.48,6.86
0.00,0.05,41.72,7.44,6.90
0.00,0.05,41.75,7.44,6.90
0.00,0.05,41.76,7.44,6.90
0.00,0.05,41.73,7.37,6.90
0.00,0.05,41.72,7.44,6.90
0.00,0.05,41.73,7.44,6.90
0.00,0.06,41.73,7.41,6.90
0.00,0.06,41.73,7.44,6.90
0.00,0.06,41.74,7.44,6.90
0.00,0.06,41.73,7.41,6.90
0.00,0.06,41.74,7.41,6.90
0.00,0.06,41.74,7.44,6.93
0.00,0.06,41.75,7.44,6.90
0.00,0.06,41.74,7.33,6.90
0.00,0.06,41.76,7.44,6.93
0.00,0.06,41.73,7.44,6.93
0.00,0.06,41.72,7.41,6.93
0.00,0.06,41.72,7.48,6.93
0.00,0.06,41.73,7.41,6.90
0.00,0.06,41.74,7.44,6.93
0.00,0.06,41.73,7.48,6.93
0.00,0.06,41.74,7.33,6.90
0.00,0.06,41.74,7.44,6.93
0.00,0.06,41.73,7.44,6.90
0.00,0.06,41.73,7.37,6.90
0.00,0.06,41.73,7.44,6.93
0.00,0.06,41.73,7.44,6.93
0.00,0.06,41.73,7.41,6.90
0.00,0.06,41.73,7.44,6.90
0.00,0.06,41.74,7.44,6.93
0.00,0.06,41.72,7.44,6.90
0.00,0.06,41.74,7.37,6.86
0.00,0.06,41.75,7.41,6.90
0.00,0.06,41.74,7.44,6.93
0.00,0.06,41.73,7.41,6.93
0.00,0.06,41.73,7.48,6.90
0.00,0.07,41.75,7.44,6.93
0.00,0.07,41.74,7.44,6.93
0.00,0.07,41.74,7.52,6.90
0.00,0.07,41.73,7.37,6.93
0.00,0.07,41.74,7.41,6.93
0.00,0.07,41.74,7.44,7.01
0.00,0.07,41.74,7.37,6.93
0.00,0.07,41.74,7.44,6.93
0.00,0.07,41.71,7.44,6.93
0.00,0.07,41.71,7.44,6.93
0.00,0.07,41.72,7.44,6.93
0.00,0.07,41.71,7.44,6.93
0.00,0.07,41.74,7.44,6.93
0.00,0.07,41.73,7.37,6.93
0.00,0.07,41.73,7.44,6.93
0.00,0.07,41.73,7.44,6.93
0.00,0.07,41.73,7.41,6.93
0.00,0.07,41.73,7.48,6.93
0.00,0.07,41.71,7.44,6.93
0.00,0.07,41.74,7.44,6.90
0.00,0.07,41.73,7.48,6.93
0.00,0.07,41.71,7.37,6.93
0.00,0.07,41.73,7.48,6.93
0.00,0.07,41.73,7.44,6.93
0.00,0.07,41.73,7.44,6.93
0.00,0.08,41.71,7.44,6.93
0.00,0.08,41.71,7.44,6.93
0.00,0.08,41.74,7.44,6.93
0.00,0.08,41.71,7.44,6.97
0.00,0.08,41.73,7.44,6.93
0.00,0.08,41.71,7.48,6.93
0.00,0.08,41.70,7.41,6.93
0.00,0.08,41.73,7.44,6.93
0.00,0.08,41.73,7.48,6.97
0.00,0.08,41.71,7.41,6.97
0.00,0.08,41.72,7.52,6.93
0.00,0.08,41.73,7.41,6.93
0.00,0.08,41.72,7.44,6.93
0.00,0.08,41.75,7.48,6.93
0.00,0.08,41.72,7.41,6.97
0.00,0.09,41.73,7.44,6.93
0.00,0.09,41.74,7.44,6.93
0.00,0.09,41.74,7.48,6.97
0.00,0.09,41.74,7.52,6.97
0.00,0.09,41.71,7.48,6.93
0.00,0.09,41.73,7.48,6.93
0.00,0.09,41.73,7.37,6.97
0.00,0.09,41.72,7.44,6.97
0.00,0.09,41.74,7.48,6.97
0.00,0.09,41.73,7.41,6.97
0.00,0.09,41.73,7.48,6.93
0.00,0.09,41.73,7.48,6.97
0.00,0.09,41.72,7.44,6.97
0.00,0.09,41.74,7.52,6.97
0.00,0.10,41.73,7.48,6.97
0.00,0.10,41.73,7.48,6.97
0.00,0.10,41.74,7.52,6.97
0.00,0.10,41.72,7.48,6.97
0.00,0.10,41.71,7.48,6.97
0.00,0.10,41.74,7.48,6.97
0.00,0.10,41.72,7.52,6.97
0.00,0.10,41.74,7.52,6.97
0.00,0.11,41.74,7.48,6.97
0.00,0.11,41.71,7.65,6.97
0.00,0.11,41.73,7.44,6.97
0.00,0.11,41.72,7.48,6.97
0.00,0.11,41.74,7.52,6.93
0.00,0.11,41.73,7.44,6.97
0.00,0.11,41.73,7.52,6.97
0.00,0.11,41.74,7.52,6.97
0.00,0.11,41.72,7.48,6.97
0.00,0.11,41.73,7.52,6.97
0.00,0.11,41.74,7.52,6.97
0.00,0.11,41.74,7.52,7.01
0.00,0.11,41.73,7.48,6.97
0.00,0.11,41.72,7.44,6.97
0.00,0.11,41.73,7.48,6.97
0.00,0.11,41.71,7.44,6.97
0.00,0.11,41.71,7.52,6.97
0.00,0.11,41.73,7.52,6.97
0.00,0.11,41.71,7.48,6.97
0.00,0.11,41.73,7.52,6.97
0.00,0.11,41.73,7.48,6.97
0.00,0.11,41.74,7.52,6.97
0.00,0.11,41.73,7.48,6.97
0.00,0.11,41.71,7.44,6.97
0.00,0.11,41.74,7.52,6.97
0.00,0.11,41.73,7.52,6.97
0.00,0.11,41.73,7.48,7.01
0.00,0.11,41.71,7.52,6.97
0.00,0.11,41.73,7.52,6.97
0.00,0.11,41.71,7.52,6.97
0.00,0.11,41.72,7.52,6.93
0.00,0.11,41.72,7.48,6.97
0.00,0.11,41.74,7.52,6.97
0.00,0.11,41.70,7.48,7.01
0.00,0.11,41.70,7.52,6.97
0.00,0.11,41.73,7.52,6.97
0.00,0.11,41.74,7.56,6.97
0.00,0.11,41.73,7.52,6.97
0.00,0.11,41.73,7.52,6.97
0.00,0.11,41.72,7.56,6.97
0.00,0.11,41.72,7.52,6.97
0.00,0.11,41.71,7.44,6.97
0.00,0.11,41.73,7.48,6.97
0.00,0.11,41.72,7.52,6.97
0.00,0.11,41.72,7.48,6.97
0.00,0.11,41.74,7.56,6.90
0.00,0.11,41.71,7.52,6.97
0.00,0.11,41.71,7.52,6.97
0.00,0.11,41.70,7.56,6.97
0.00,0.11,41.71,7.44,6.97
0.00,0.11,41.73,7.52,6.97
0.00,0.11,41.73,7.52,6.97
0.00,0.11,41.73,7.48,6.97
0.00,0.11,41.71,7.52,6.97
0.00,0.11,41.72,7.52,6.97
0.00,0.11,41.71,7.48,6.97
0.00,0.11,41.71,7.48,6.97
0.00,0.11,41.73,7.48,6.97
0.00,0.11,41.74,7.52,6.97
0.00,0.11,41.71,7.44,7.01
0.00,0.11,41.74,7.48,6.97
0.00,0.11,41.74,7.52,6.97
0.00,0.11,41.73,7.48,6.97
0.00,0.11,41.74,7.65,6.97
0.00,0.11,41.69,7.52,6.93
0.00,0.11,41.73,7.52,6.97
0.00,0.11,41.72,7.56,6.97
c
0.00,0.11,41.72,7.48,6.97
1
0.00,0.11,41.73,7.52,6.97
0
0.00,0.11,41.73,7.52,6.97
c
0.00,0.11,41.74,7.52,6.97
0
0.00,0.11,41.73,7.52,6.97
0
0.00,0.11,41.72,7.56,6.97
.
0.00,0.11,41.71,7.56,6.97
,
0.00,0.11,41.72,7.56,6.97
0
0.00,0.11,41.74,7.56,6.97
,
0.00,0.11,41.74,7.52,7.01
c
0.00,0.11,41.74,7.56,6.97
0
0.00,0.11,41.73,7.56,6.97
0
0.00,0.11,41.73,7.56,6.97
0
0.00,0.11,41.73,7.56,6.97
0
0.00,0.11,41.72,7.52,6.93
0
0.00,0.11,41.71,7.52,6.97
,
0.00,0.11,41.75,7.52,6.97
.
0.00,0.11,41.74,7.56,6.97
,
0.00,0.11,41.73,7.52,6.97
,
0.00,0.11,41.72,7.56,6.97
,
0.00,0.11,41.73,7.52,6.97
1
0.00,0.11,41.73,7.56,6.97
-
0.00,0.11,41.72,7.56,6.97
6
0.00,0.11,41.72,7.52,6.97
0
0.00,0.11,41.69,7.52,6.97
c
0.00,0.11,41.74,7.52,6.97
0
0.00,0.11,41.73,7.52,6.97
c
0.00,0.11,41.74,7.52,6.93
.
0.00,0.11,41.73,7.52,6.97
0
0.00,0.11,41.74,7.52,6.97
.
0.00,0.11,41.73,7.52,6.97
0
0.00,0.11,41.71,7.52,6.97
0
0.00,0.11,41.73,7.52,6.97
,
0.00,0.11,41.71,7.52,6.97
1
0.00,0.11,41.70,7.52,6.97
,
0.00,0.11,41.71,7.52,6.97
,
0.00,0.11,41.71,7.56,6.97
,
0.00,0.11,41.74,7.52,6.97
1
0.00,0.11,41.73,7.56,6.97
-
0.00,0.11,41.71,7.52,6.97
6
0.00,0.11,41.73,7.52,6.97
,
0.00,0.11,41.73,7.52,6.97
0
0.00,0.11,41.71,7.52,6.97
.
0.00,0.11,41.71,7.52,6.97
0
0.00,0.11,41.71,7.52,6.97
0
0.00,0.11,41.73,7.56,6.97
0
0.00,0.11,41.73,7.56,6.97
c
0.00,0.11,41.73,7.56,6.97
6
0.00,0.11,41.74,7.52,6.97
c
0.00,0.11,41.74,7.52,6.97
c
0.00,0.11,41.73,7.52,6.97
c
0.00,0.11,41.73,7.52,6.97
c
0.00,0.11,41.74,7.52,6.97
c
0.00,0.11,41.73,7.52,6.97
c
0.00,0.11,41.73,7.52,6.97
c
0.00,0.11,41.73,7.56,6.97
c
0.00,0.11,41.71,7.56,6.97
,
0.00,0.11,41.73,7.52,6.97
c
0.00,0.11,41.73,7.52,6.97
c
0.00,0.11,41.73,7.56,6.97
c
0.00,0.11,41.72,7.52,6.97
6
0.00,0.11,41.73,7.52,6.97
c
0.00,0.11,41.73,7.52,6.97
0
0.00,0.11,41.72,7.52,6.97
c
0.00,0.11,41.72,7.52,7.01
c
0.00,0.11,41.73,7.52,6.97
c
0.00,0.11,41.73,7.52,6.97
c
0.00,0.11,41.72,7.52,6.97
c
0.00,0.11,41.71,7.52,6.97
c
0.00,0.11,41.74,7.52,6.97
-
0.00,0.11,41.74,7.52,6.93
c
0.00,0.11,41.71,7.52,6.97
0
0.00,0.11,41.73,7.52,6.97
c
0.00,0.11,41.75,7.52,6.97
,
0.00,0.11,41.73,7.52,6.97
c
0.00,0.11,41.73,7.52,6.97
c
0.00,0.11,41.71,7.52,6.97
c
0.00,0.11,41.71,7.52,6.97
c
0.00,0.11,41.73,7.52,6.97
c
0.00,0.11,41.74,7.52,6.97
c
0.00,0.11,41.73,7.52,6.97
c
0.00,0.11,41.73,7.52,6.97
c
0.00,0.11,41.71,7.52,6.97
,
0.00,0.11,41.74,7.52,6.97
c
0.00,0.11,41.73,7.56,6.97
0
0.00,0.11,41.70,7.52,6.97
c
0.00,0.11,41.73,7.56,6.93
6
0.00,0.11,41.72,7.52,6.97
c
0.00,0.11,41.73,7.56,6.97
c
0.00,0.11,41.72,7.52,6.97
c
0.00,0.11,41.73,7.52,6.97
c
0.00,0.11,41.72,7.52,6.97
c
0.00,0.11,41.73,7.52,6.93
c
0.00,0.11,41.73,7.56,6.97
c
0.00,0.11,41.71,7.52,6.97
c
0.00,0.11,41.76,7.52,6.97
-
0.00,0.11,41.74,7.52,6.97
c
0.00,0.11,41.72,7.52,6.97
1
0.00,0.11,41.72,7.56,6.97
c
0.00,0.11,41.72,7.52,6.97
6
0.00,0.11,41.71,7.52,6.97
c
0.00,0.11,41.71,7.52,6.97
c
0.00,0.11,41.74,7.52,6.97
c
0.00,0.11,41.73,7.52,6.97
c
0.00,0.11,41.71,7.52,6.93
c
0.00,0.11,41.73,7.52,6.97
c
0.00,0.11,41.71,7.52,6.97
c
0.00,0.11,41.71,7.52,6.97
c
0.00,0.11,41.73,7.52,6.93
,
0.00,0.11,41.71,7.52,6.97
c
0.00,0.11,41.73,7.52,6.97
c
0.00,0.11,41.71,7.52,6.97
c
0.00,0.11,41.72,7.52,6.97
c
0.00,0.11,41.73,7.52,6.97
c
0.00,0.11,41.72,7.52,6.97
,
0.00,0.11,41.73,7.56,6.93
c
0.00,0.11,41.74,7.52,6.97
c
0.00,0.11,41.72,7.52,6.97
c
0.00,0.11,41.73,7.52,6.97
c
0.00,0.11,41.73,7.52,6.97
c
0.00,0.11,41.73,7.52,6.97
c
0.00,0.11,41.74,7.52,6.93
c
0.00,0.11,41.72,7.52,6.97
c
0.00,0.11,41.72,7.56,6.97
c
0.00,0.11,41.75,7.52,6.97
c
0.00,0.11,41.73,7.52,6.97
0
0.00,0.11,41.74,7.52,6.97
c
0.00,0.11,41.73,7.52,6.97
1
0.00,0.11,41.72,7.52,6.97
c
0.00,0.11,41.74,7.52,6.97
6
0.00,0.11,41.73,7.52,6.97
c
0.00,0.11,41.71,7.52,6.97
c
0.00,0.11,41.71,7.52,6.97
c
0.00,0.11,41.72,7.52,6.93
c
0.00,0.11,41.72,7.52,6.97
c
0.00,0.11,41.73,7.52,6.93
c
0.00,0.11,41.71,7.52,6.97
c
0.00,0.11,41.71,7.52,6.97
c
0.00,0.11,41.71,7.52,6.97
-
0.00,0.11,41.73,7.52,6.97
c
0.00,0.11,41.74,7.52,6.97
,
0.00,0.11,41.74,7.52,6.97
c
0.00,0.11,41.74,7.52,6.97
0
0.00,0.11,41.73,7.52,6.97
c
0.00,0.11,41.73,7.52,6.97
c
0.00,0.11,41.71,7.52,6.97
c
0.00,0.11,41.72,7.52,6.97
c
0.00,0.11,41.73,7.52,6.93
c
0.00,0.11,41.73,7.52,6.97
c
0.00,0.11,41.73,7.52,6.97
c
0.00,0.11,41.73,7.52,6.93
c
0.00,0.11,41.75,7.52,6.97
c
0.00,0.11,41.71,7.52,6.97
c
0.00,0.11,41.73,7.52,6.97
0
0.00,0.11,41.73,7.52,6.97
c
0.00,0.11,41.72,7.52,6.97
,
0.00,0.11,41.72,7.52,6.97
c
0.00,0.11,41.73,7.61,6.93
6
0.00,0.11,41.72,7.52,6.97
c
0.00,0.11,41.74,7.52,6.97
c
0.00,0.11,41.73,7.52,6.97
c
0.00,0.11,41.74,7.52,6.97
c
0.00,0.11,41.73,7.52,6.97
c
0.00,0.11,41.73,7.52,6.97
c
0.00,0.11,41.72,7.52,6.97
c
0.00,0.11,41.74,7.52,6.97
c
0.00,0.11,41.74,7.52,6.97
c
0.00,0.11,41.72,7.52,6.97
c
0.00,0.11,41.72,7.52,6.97
0
0.00,0.11,41.71,7.52,6.97
c
0.00,0.11,41.72,7.52,6.97
0
0.00,0.11,41.73,7.56,6.97
c
0.00,0.11,41.73,7.56,6.97
,
0.00,0.11,41.74,7.52,6.97
c
0.00,0.11,41.71,7.52,6.97
c
0.00,0.11,41.73,7.56,6.97
c
0.00,0.11,41.73,7.52,6.93
c
0.00,0.11,41.73,7.52,6.97
c
0.00,0.11,41.71,7.52,6.97
c
0.00,0.11,41.73,7.52,6.97
c
0.00,0.11,41.71,7.52,6.97
c
0.00,0.11,41.71,7.52,6.97
c
0.00,0.11,41.74,7.52,6.93
c
0.00,0.11,41.73,7.52,6.97
0
0.00,0.11,41.72,7.52,6.97
c
0.00,0.11,41.74,7.52,6.93
0
0.00,0.11,41.73,7.52,6.93
c
0.00,0.11,41.71,7.52,6.97
0
0.00,0.11,41.73,7.52,6.93
c
0.00,0.11,41.73,7.52,6.97
c
0.00,0.11,41.75,7.52,6.97
c
0.00,0.11,41.71,7.52,6.97
c
0.00,0.11,41.74,7.52,6.97
c
0.00,0.11,41.71,7.52,6.97
c
0.00,0.11,41.71,7.52,6.97
c
0.00,0.11,41.72,7.52,6.93
c
0.00,0.11,41.73,7.52,6.97
c
0.00,0.11,41.73,7.52,6.97
c
0.00,0.11,41.71,7.52,6.97
-
0.00,0.11,41.71,7.52,6.93
c
0.00,0.11,41.72,7.52,6.97
,
0.00,0.11,41.72,7.52,6.93
c
0.00,0.11,41.73,7.52,6.97
0
0.00,0.11,41.74,7.52,6.97
c
0.00,0.11,41.73,7.52,6.97
0
0.00,0.11,41.74,7.52,6.97
c
0.00,0.11,41.74,7.52,6.97
c
0.00,0.11,41.72,7.52,6.97
c
0.00,0.11,41.74,7.52,6.97
c
0.00,0.11,41.72,7.52,6.93
-
0.00,0.11,41.74,7.56,6.97
c
0.00,0.11,41.73,7.52,6.97
c
0.00,0.11,41.74,7.52,6.97
c
0.00,0.11,41.74,7.52,6.97
.
0.00,0.11,41.72,7.52,6.97
c
0.00,0.11,41.71,7.52,6.93
,
0.00,0.11,41.71,7.52,6.97
c
0.00,0.11,41.71,7.52,6.93
c
0.00,0.11,41.74,7.52,6.93
c
0.00,0.11,41.74,7.52,6.97
c
0.00,0.11,41.74,7.52,6.97
c
0.00,0.11,41.71,7.52,6.97
c
0.00,0.11,41.71,7.52,6.97
c
0.00,0.11,41.71,7.52,6.97
c
0.00,0.11,41.74,7.56,6.97
0
0.00,0.11,41.71,7.56,6.97
c
0.00,0.11,41.72,7.52,6.97
1
0.00,0.11,41.74,7.52,6.97
c
0.00,0.11,41.71,7.52,6.90
0
0.00,0.11,41.72,7.52,6.97
c
0.00,0.11,41.74,7.52,6.97
c
0.00,0.11,41.71,7.52,6.97
c
0.00,0.11,41.71,7.52,6.97
c
0.00,0.11,41.70,7.52,6.97
c
0.00,0.11,41.73,7.52,6.93
c
0.00,0.11,41.74,7.52,6.93
c
0.00,0.11,41.73,7.52,6.97
c
0.00,0.11,41.74,7.52,6.97
0
0.00,0.11,41.72,7.52,6.93
c
0.00,0.11,41.71,7.56,6.93
0
0.00,0.11,41.70,7.52,7.04
c
0.00,0.11,41.73,7.52,6.97
0
0.00,0.11,41.73,7.52,6.97
c
0.00,0.11,41.73,7.52,6.97
c
0.00,0.11,41.74,7.52,6.93
c
0.00,0.11,41.73,7.52,6.97
c
0.00,0.11,41.72,7.52,6.97
c
0.00,0.11,41.73,7.52,6.97
c
0.00,0.11,41.72,7.52,6.97
c
0.00,0.11,41.73,7.52,6.97
c
0.00,0.11,41.71,7.52,6.97
c
0.00,0.11,41.75,7.52,6.97
c
0.00,0.11,41.73,7.52,6.93
0
0.00,0.11,41.71,7.52,6.97
c
0.00,0.11,41.72,7.52,6.93
c
0.00,0.11,41.74,7.52,6.93
c
0.00,0.11,41.75,7.52,6.97
c
0.00,0.11,41.73,7.52,6.97
c
0.00,0.11,41.75,7.52,6.97
,
0.00,0.11,41.73,7.52,6.97
c
0.00,0.11,41.72,7.52,6.93
0
0.00,0.11,41.71,7.52,6.93
c
0.00,0.11,41.71,7.52,6.97
c
0.00,0.11,41.71,7.52,6.97
c
0.00,0.11,41.71,7.52,6.97
c
0.00,0.11,41.74,7.52,6.97
0
0.00,0.11,41.74,7.52,6.97
c
0.00,0.11,41.72,7.52,6.93
,
0.00,0.11,41.71,7.52,6.97
c
0.00,0.11,41.73,7.52,6.97
6
0.00,0.11,41.69,7.52,6.97
c
0.00,0.11,41.73,7.52,6.93
c
0.00,0.11,41.73,7.52,6.93
c
0.00,0.11,41.73,7.52,6.97
c
0.00,0.11,41.73,7.56,6.97
c
0.00,0.11,41.73,7.52,6.97
c
0.00,0.11,41.73,7.52,6.93
c
0.00,0.11,41.73,7.52,6.93
c
0.00,0.11,41.74,7.52,6.93
c
0.00,0.11,41.74,7.52,6.93
c
0.00,0.11,41.71,7.52,6.97
-
0.00,0.11,41.71,7.52,6.97
c
0.00,0.11,41.73,7.52,6.97
0
0.00,0.11,41.72,7.52,6.97
c
0.00,0.11,41.71,7.52,6.97
6
0.00,0.11,41.71,7.52,6.97
c
0.00,0.11,41.74,7.52,6.97
0
0.00,0.11,41.73,7.52,6.93
c
0.00,0.11,41.70,7.52,6.97
c
0.00,0.11,41.73,7.52,6.97
c
0.00,0.11,41.74,7.52,6.93
c
0.00,0.11,41.75,7.52,6.93
,
0.00,0.11,41.73,7.52,6.93
c
0.00,0.11,41.71,7.52,6.93
,
0.00,0.11,41.71,7.52,6.93
c
0.00,0.11,41.71,7.56,6.97
0
0.00,0.11,41.71,7.48,6.97
c
0.00,0.11,41.73,7.52,6.97
c
0.00,0.11,41.70,7.52,6.97
c
0.00,0.11,41.73,7.52,6.97
c
0.00,0.11,41.73,7.52,6.93
c
0.00,0.11,41.72,7.52,6.93
c
0.00,0.11,41.72,7.52,6.93
c
0.00,0.11,41.73,7.52,6.93
c
0.00,0.11,41.71,7.52,6.97
0
0.00,0.11,41.73,7.56,6.97
c
0.00,0.10,41.71,7.52,6.90
,
0.00,0.10,41.71,7.52,6.97
c
0.00,0.10,41.73,7.52,6.97
6
0.00,0.10,41.74,7.52,6.97
c
0.00,0.10,41.73,7.52,6.93
c
0.00,0.10,41.73,7.52,6.93
c
0.00,0.10,41.73,7.52,6.97
c
0.00,0.10,41.72,7.52,6.93
c
0.00,0.10,41.72,7.52,6.97
c
0.00,0.10,41.73,7.56,6.93
c
0.00,0.10,41.71,7.52,6.97
c
0.00,0.10,41.72,7.52,6.93
-
0.00,0.10,41.72,7.52,6.97
c
0.00,0.10,41.72,7.52,6.97
0
0.00,0.10,41.74,7.52,6.93
c
0.00,0.10,41.71,7.52,6.93
6
0.00,0.10,41.73,7.52,6.97
c
0.00,0.10,41.74,7.52,6.97
c
0.00,0.10,41.71,7.52,6.93
c
0.00,0.10,41.72,7.52,6.93
c
0.00,0.10,41.71,7.52,6.97
c
0.00,0.10,41.73,7.52,6.97
c
0.00,0.10,41.71,7.52,6.93
c
0.00,0.10,41.74,7.52,6.93
c
0.00,0.10,41.73,7.52,6.97
0
0.00,0.10,41.73,7.52,6.97
c
0.00,0.10,41.73,7.52,6.97
.
0.00,0.10,41.73,7.52,6.93
c
0.00,0.10,41.74,7.52,6.93
6
0.00,0.10,41.76,7.52,6.93
c
0.00,0.10,41.72,7.52,6.97
c
0.00,0.10,41.72,7.52,6.93
c
0.00,0.10,41.74,7.52,6.93
c
0.00,0.10,41.71,7.52,6.93
c
0.00,0.10,41.73,7.52,6.93
c
0.00,0.10,41.73,7.52,6.93
0
0.00,0.10,41.73,7.52,6.97
c
0.00,0.10,41.72,7.52,6.93
c
0.00,0.10,41.73,7.52,6.97
c
0.00,0.10,41.71,7.52,6.97
-
0.00,0.10,41.74,7.52,6.93
c
0.00,0.10,41.71,7.52,6.97
0
0.00,0.10,41.73,7.52,6.93
c
0.00,0.10,41.72,7.52,6.97
c
0.00,0.10,41.73,7.52,6.97
c
0.00,0.10,41.73,7.52,6.97
c
0.00,0.10,41.73,7.52,6.93
-
0.00,0.10,41.71,7.52,6.97
c
0.00,0.10,41.73,7.52,6.93
c
0.00,0.10,41.73,7.56,6.97
c
0.00,0.10,41.72,7.52,6.97
c
0.00,0.10,41.71,7.52,6.93
c
0.00,0.10,41.73,7.52,6.93
,
0.00,0.10,41.73,7.52,6.97
c
0.00,0.10,41.72,7.52,6.97
c
0.00,0.10,41.71,7.52,6.93
c
0.00,0.10,41.73,7.52,6.93
c
0.00,0.10,41.74,7.52,6.97
c
0.00,0.10,41.73,7.44,6.93
c
0.00,0.10,41.71,7.52,6.93
c
0.00,0.10,41.72,7.52,6.93
c
0.00,0.10,41.73,7.52,6.93
-
0.00,0.10,41.73,7.52,6.93
c
0.00,0.10,41.74,7.52,6.93
c
0.00,0.10,41.70,7.52,6.97
c
0.00,0.10,41.70,7.52,6.93
c
0.00,0.10,41.73,7.52,6.93
c
0.00,0.10,41.74,7.52,6.97
,
0.00,0.10,41.71,7.52,6.97
c
0.00,0.10,41.71,7.52,6.97
c
0.00,0.10,41.74,7.52,6.93
c
0.00,0.10,41.71,7.52,6.97
c
0.00,0.10,41.74,7.52,6.97
c
0.00,0.10,41.74,7.52,6.97
c
0.00,0.10,41.71,7.52,6.93
c
0.00,0.10,41.71,7.52,6.93
c
0.00,0.10,41.74,7.52,6.97
0
0.00,0.10,41.71,7.52,6.93
c
0.00,0.10,41.73,7.52,6.93
0
0.00,0.10,41.74,7.52,6.93
c
0.00,0.10,41.70,7.52,6.93
0
0.00,0.10,41.73,7.52,6.93
c
0.00,0.10,41.73,7.52,6.93
c
0.00,0.10,41.72,7.52,6.93
c
0.00,0.10,41.73,7.52,6.97
c
0.00,0.10,41.73,7.52,6.93
c
0.00,0.10,41.72,7.52,6.97
c
0.00,0.10,41.71,7.52,6.93
c
0.00,0.10,41.72,7.48,6.97
c
0.00,0.10,41.73,7.52,6.97
0
0.00,0.10,41.73,7.52,6.93
c
0.00,0.10,41.73,7.52,6.93
1
0.00,0.10,41.73,7.52,6.93
c
0.00,0.10,41.73,7.52,6.93
0
0.00,0.10,41.71,7.52,6.97
c
0.00,0.10,41.73,7.52,6.93
c
0.00,0.10,41.73,7.48,6.97
c
0.00,0.10,41.71,7.52,6.93
c
0.00,0.10,41.70,7.48,6.93
c
0.00,0.10,41.74,7.48,6.93
c
0.00,0.10,41.73,7.52,6.93
,
0.00,0.10,41.73,7.52,6.93
c
0.00,0.10,41.71,7.52,6.97
1
0.00,0.10,41.73,7.52,6.93
c
0.00,0.10,41.73,7.52,6.93
,
0.00,0.10,41.72,7.48,6.93
c
0.00,0.10,41.73,7.52,6.97
c
0.00,0.10,41.71,7.48,7.04
c
0.00,0.10,41.72,7.48,6.93
c
0.00,0.10,41.72,7.52,6.93
c
0.00,0.10,41.71,7.52,6.97
c
0.00,0.10,41.73,7.52,6.97
,
0.00,0.10,41.71,7.48,6.93
c
0.00,0.10,41.73,7.52,6.93
c
0.00,0.10,41.72,7.52,6.86
c
0.00,0.10,41.69,7.52,6.93
1
0.00,0.10,41.74,7.52,6.93
c
0.00,0.10,41.71,7.52,6.93
0
0.00,0.10,41.73,7.48,6.97
c
0.00,0.10,41.72,7.52,6.93
c
0.00,0.10,41.73,7.52,6.97
c
0.00,0.10,41.71,7.52,6.97
c
0.00,0.10,41.72,7.52,6.97
-
0.00,0.10,41.73,7.52,6.93
c
0.00,0.10,41.72,7.52,6.93
0
0.00,0.10,41.74,7.52,6.93
c
0.00,0.10,41.70,7.48,6.97
0
0.00,0.10,41.74,7.52,6.93
c
0.00,0.10,41.71,7.52,6.93
c
0.00,0.10,41.69,7.52,6.93
c
0.00,0.10,41.73,7.52,6.97
c
0.00,0.10,41.75,7.52,6.97
c
0.00,0.10,41.73,7.52,6.97
c
0.00,0.10,41.73,7.52,6.97
c
0.00,0.10,41.73,7.52,6.97
c
0.00,0.10,41.71,7.52,6.93
6
0.00,0.10,41.72,7.52,6.93
c
0.00,0.10,41.71,7.52,6.97
1
0.00,0.10,41.71,7.52,6.93
c
0.00,0.10,41.71,7.52,6.93
0
0.00,0.10,41.71,7.52,6.93
c
0.00,0.10,41.74,7.52,6.93
c
0.00,0.10,41.74,7.48,6.93
c
0.00,0.10,41.73,7.52,6.93
c
0.00,0.10,41.73,7.52,6.97
c
0.00,0.10,41.73,7.48,6.93
c
0.00,0.10,41.72,7.52,6.93
,
0.00,0.10,41.71,7.52,6.97
c
0.00,0.10,41.73,7.52,6.93
.
0.00,0.10,41.74,7.52,6.93
c
0.00,0.10,41.73,7.52,6.97
0
0.00,0.10,41.73,7.52,6.93
c
0.00,0.10,41.72,7.52,6.97
c
0.00,0.10,41.72,7.52,6.93
c
0.00,0.10,41.73,7.52,6.93
c
0.00,0.10,41.74,7.52,6.97
c
0.00,0.10,41.71,7.52,6.93
c
0.00,0.10,41.71,7.52,6.97
-
0.00,0.10,41.74,7.52,6.97
c
0.00,0.10,41.74,7.52,6.93
c
0.00,0.10,41.73,7.52,6.93
c
0.00,0.10,41.74,7.52,6.97
.
0.00,0.10,41.73,7.52,6.93
c
0.00,0.10,41.72,7.52,6.93
,
0.00,0.10,41.73,7.52,6.93
c
0.00,0.10,41.71,7.52,6.97
c
0.00,0.10,41.71,7.52,6.97
c
0.00,0.10,41.72,7.52,6.97
c
0.00,0.10,41.74,7.52,6.93
-
0.00,0.10,41.72,7.52,6.93
c
0.00,0.10,41.71,7.52,6.93
c
0.00,0.10,41.73,7.52,6.93
c
0.00,0.10,41.71,7.52,6.93
c
0.00,0.10,41.71,7.52,6.93
c
0.00,0.10,41.70,7.52,6.93
-
0.00,0.10,41.74,7.52,6.97
c
0.00,0.10,41.71,7.52,6.93
c
0.00,0.10,41.73,7.52,6.93
c
0.00,0.10,41.71,7.52,6.93
c
0.00,0.10,41.70,7.52,6.93
c
0.00,0.10,41.73,7.52,6.97
c
0.00,0.10,41.73,7.48,6.93
c
0.00,0.10,41.73,7.52,6.93
c
0.00,0.10,41.74,7.52,6.93
-
0.00,0.10,41.71,7.52,6.93
c
0.00,0.10,41.71,7.52,6.93
0
0.00,0.10,41.71,7.52,6.93
c
0.00,0.10,41.70,7.52,6.97
6
0.00,0.10,41.71,7.48,6.97
c
0.00,0.10,41.71,7.52,6.93
c
0.00,0.10,41.73,7.52,6.93
c
0.00,0.10,41.72,7.52,6.93
c
0.00,0.10,41.73,7.52,6.97
c
0.00,0.10,41.71,7.52,6.93
c
0.00,0.10,41.73,7.52,6.97
-
0.00,0.10,41.72,7.52,6.93
c
0.00,0.10,41.71,7.52,6.93
0
0.00,0.10,41.72,7.52,6.93
c
0.00,0.10,41.74,7.52,6.97
,
0.00,0.10,41.72,7.52,6.93
c
0.00,0.10,41.69,7.52,6.93
c
0.00,0.10,41.72,7.48,6.93
c
0.00,0.10,41.74,7.48,6.93
c
0.00,0.10,41.72,7.52,6.97
c
0.00,0.10,41.73,7.52,6.93
c
0.00,0.10,41.71,7.52,6.93
c
0.00,0.10,41.71,7.48,6.93
c
0.00,0.10,41.72,7.52,6.93
0
0.00,0.10,41.73,7.52,6.93
c
0.00,0.10,41.71,7.52,6.93
.
0.00,0.10,41.74,7.48,6.93
c
0.00,0.10,41.74,7.48,6.93
,
0.00,0.10,41.72,7.52,6.93
c
0.00,0.10,41.71,7.52,6.93
c
0.00,0.10,41.73,7.52,6.93
c
0.00,0.10,41.74,7.52,6.93
c
0.00,0.10,41.73,7.52,6.93
c
0.00,0.10,41.73,7.52,6.93
c
0.00,0.10,41.71,7.52,6.97
,
0.00,0.10,41.74,7.52,6.93
c
0.00,0.10,41.72,7.52,6.93
1
0.00,0.10,41.70,7.52,6.93
c
0.00,0.10,41.74,7.48,6.93
,
0.00,0.10,41.72,7.48,6.97
c
0.00,0.10,41.71,7.48,6.93
c
0.00,0.10,41.74,7.52,6.97
c
0.00,0.10,41.73,7.48,6.93
c
0.00,0.10,41.71,7.52,6.93
c
0.00,0.10,41.71,7.48,6.97
c
0.00,0.10,41.75,7.52,6.93
-
0.00,0.10,41.73,7.48,6.97
c
0.00,0.10,41.73,7.52,6.93
c
0.00,0.10,41.74,7.48,6.93
c
0.00,0.10,41.73,7.48,6.97
1
0.00,0.10,41.72,7.52,6.93
c
0.00,0.10,41.71,7.52,6.93
,
0.00,0.10,41.70,7.48,6.93
c
0.00,0.10,41.73,7.52,6.93
c
0.00,0.10,41.71,7.52,6.93
c
0.00,0.10,41.71,7.52,6.93
c
0.00,0.10,41.74,7.52,6.93
c
0.00,0.10,41.72,7.48,6.93
c
0.00,0.10,41.73,7.52,6.93
,
0.00,0.10,41.73,7.52,6.93
c
0.00,0.10,41.74,7.52,6.93
.
0.00,0.10,41.71,7.48,6.93
c
0.00,0.10,41.70,7.52,6.93
0
0.00,0.10,41.73,7.48,6.93
c
0.00,0.10,41.75,7.52,6.93
c
0.00,0.10,41.73,7.52,6.93
c
0.00,0.10,41.74,7.48,6.93
c
0.00,0.10,41.71,7.52,6.93
c
0.00,0.10,41.74,7.48,6.97
c
0.00,0.10,41.74,7.48,6.93
0
0.00,0.10,41.71,7.52,6.93
c
0.00,0.10,41.73,7.52,6.93
.
0.00,0.10,41.72,7.52,6.93
c
0.00,0.10,41.73,7.48,6.97
0
0.00,0.10,41.74,7.48,6.93
c
0.00,0.10,41.72,7.48,6.97
c
0.00,0.10,41.71,7.52,6.93
c
0.00,0.10,41.73,7.52,6.93
c
0.00,0.10,41.72,7.52,6.93
c
0.00,0.10,41.71,7.48,6.97
c
0.00,0.10,41.71,7.48,6.93
,
0.00,0.10,41.71,7.52,6.93
c
0.00,0.10,41.73,7.52,6.93
.
0.00,0.10,41.74,7.52,6.93
c
0.00,0.10,41.72,7.52,6.93
0
0.00,0.10,41.73,7.52,6.97
c
0.00,0.10,41.73,7.52,6.93
c
0.00,0.10,41.71,7.52,6.93
c
0.00,0.10,41.72,7.52,6.93
c
0.00,0.10,41.73,7.52,6.93
c
0.00,0.10,41.71,7.48,6.97
c
0.00,0.10,41.72,7.48,6.93
,
0.00,0.10,41.71,7.52,6.93
c
0.00,0.10,41.72,7.48,6.93
c
0.00,0.10,41.71,7.48,6.97
c
0.00,0.10,41.73,7.48,6.93
.
0.00,0.10,41.73,7.48,6.93
c
0.00,0.10,41.73,7.48,6.97
0
0.00,0.10,41.73,7.48,6.93
c
0.00,0.10,41.71,7.48,6.97
c
0.00,0.10,41.74,7.48,6.97
c
0.00,0.10,41.72,7.48,6.93
c
0.00,0.10,41.73,7.48,6.97
,
0.00,0.10,41.74,7.48,6.86
c
0.00,0.10,41.75,7.48,6.93
c
0.00,0.10,41.72,7.48,6.97
c
0.00,0.10,41.71,7.52,6.97
1
0.00,0.10,41.73,7.52,6.97
c
0.00,0.10,41.74,7.48,6.93
0
0.00,0.10,41.72,7.48,6.93
c
0.00,0.10,41.73,7.48,6.93
c
0.00,0.10,41.71,7.52,6.93
c
0.00,0.10,41.72,7.48,6.93
c
0.00,0.10,41.73,7.52,6.93
-
0.00,0.10,41.73,7.52,6.97
c
0.00,0.10,41.73,7.48,6.97
0
0.00,0.10,41.72,7.52,6.93
c
0.00,0.10,41.72,7.52,6.93
6
0.00,0.10,41.71,7.48,6.93
c
0.00,0.10,41.73,7.48,6.93
c
0.00,0.10,41.72,7.52,6.93
c
0.00,0.10,41.73,7.52,6.97
c
0.00,0.10,41.74,7.48,6.93
c
0.00,0.10,41.71,7.44,6.93
c
0.00,0.10,41.72,7.52,6.93
0
0.00,0.10,41.71,7.52,6.93
c
0.00,0.10,41.72,7.48,6.93
,
0.00,0.10,41.73,7.52,6.93
c
0.00,0.10,41.73,7.48,6.93
0
0.00,0.10,41.73,7.52,6.93
c
0.00,0.10,41.71,7.52,6.93
c
0.00,0.10,41.74,7.52,6.93
c
0.00,0.10,41.73,7.48,6.97
c
0.00,0.10,41.73,7.73,6.97
c
0.00,0.10,41.72,8.29,6.93
c
0.00,0.10,41.75,9.17,6.97
c
0.00,0.10,41.79,9.73,7.04
c
0.00,0.10,41.84,10.09,7.15
0
0.00,0.10,41.88,10.15,7.22
c
0.00,0.10,41.87,10.03,7.26
0
0.00,0.10,41.88,9.61,7.22
c
0.00,0.10,41.88,9.01,7.22
0
0.00,0.10,41.84,8.29,7.22
c
0.00,0.10,41.84,7.81,7.18
c
0.00,0.10,41.79,7.41,7.15
c
0.00,0.10,41.75,7.01,7.04
c
0.00,0.10,41.74,6.63,6.93
c
0.00,0.10,41.74,6.44,6.90
c
0.00,0.10,41.74,6.28,6.86
c
0.00,0.10,41.74,6.44,6.86
c
0.00,0.10,41.71,6.47,6.83
,
0.00,0.10,41.72,6.50,6.86
c
0.00,0.10,41.73,6.53,6.86
c
0.00,0.10,41.71,6.56,6.86
c
0.00,0.10,41.72,6.56,6.86
1
0.00,0.10,41.73,6.56,6.83
c
0.00,0.10,41.73,6.56,6.83
0
0.00,0.10,41.72,6.60,6.83
c
0.00,0.10,41.73,6.56,6.86
c
0.00,0.10,41.71,6.60,6.83
c
0.00,0.10,41.72,6.60,6.83
c
0.00,0.10,41.71,6.63,6.86
c
0.00,0.10,41.71,6.63,6.83
c
0.00,0.10,41.70,6.60,6.86
0
0.00,0.10,41.71,6.60,6.86
c
0.00,0.10,41.72,6.63,6.83
.
0.00,0.10,41.71,6.63,6.83
c
0.00,0.10,41.71,6.63,6.86
,
0.00,0.10,41.71,6.63,6.86
c
0.00,0.10,41.72,6.66,6.86
c
0.00,0.10,41.69,6.66,6.86
c
0.00,0.10,41.73,6.63,6.86
c
0.00,0.10,41.74,6.63,6.83
c
0.00,0.10,41.70,6.66,6.86
c
0.00,0.10,41.71,6.63,6.86
0
0.00,0.10,41.72,7.15,6.83
c
0.00,0.10,41.73,8.07,6.83
c
0.00,0.10,41.76,9.28,6.90
c
0.00,0.10,41.82,10.22,7.11
1
0.00,0.10,41.88,10.28,7.22
c
0.00,0.10,41.89,9.91,7.26
0
0.00,0.10,41.88,8.97,7.26
c
0.00,0.10,41.85,8.11,7.26
c
0.00,0.10,41.81,7.44,7.15
c
0.00,0.10,41.74,7.04,7.01
c
0.00,0.10,41.75,6.73,6.90
c
0.00,0.10,41.74,6.41,6.93
c
0.00,0.10,41.73,6.11,6.90
0
0.00,0.10,41.73,6.25,6.83
c
0.00,0.10,41.73,6.32,6.83
0
0.00,0.10,41.72,6.38,6.79
c
0.00,0.10,41.72,6.38,6.79
,
0.00,0.10,41.73,6.41,6.79
c
0.00,0.10,41.72,6.44,6.79
c
0.00,0.10,41.71,6.44,6.79
c
0.00,0.10,41.72,6.47,6.79
c
0.00,0.10,41.71,6.44,6.83
c
0.00,0.10,41.70,6.50,6.79
c
0.00,0.10,41.71,6.50,6.79
0
0.00,0.10,41.72,6.50,6.79
c
0.00,0.11,41.72,6.50,6.79
0
0.00,0.10,41.71,6.53,6.79
c
0.00,0.10,41.73,6.50,6.79
0
0.00,0.10,41.71,6.50,6.79
c
0.00,0.10,41.72,6.56,6.79
c
0.00,0.10,41.71,6.70,6.79
c
0.00,0.10,41.74,7.76,6.83
c
0.00,0.10,41.76,8.86,6.90
c
0.00,0.10,41.79,9.73,7.08
c
0.00,0.10,41.87,10.55,7.22
c
0.00,0.10,41.92,10.81,7.30
c
0.00,0.10,41.97,10.81,7.33
c
0.00,0.10,41.96,10.35,7.37
c
0.00,0.10,41.93,9.39,7.37
c
0.00,0.10,41.92,8.56,7.33
c
0.00,0.10,41.86,7.98,7.22
,
0.00,0.10,41.84,7.41,7.15
c
0.00,0.10,41.79,6.86,7.01
1
0.00,0.10,41.75,6.41,6.93
c
0.00,0.10,41.74,6.02,6.86
0
0.00,0.10,41.74,5.75,6.79
c
0.00,0.10,41.72,5.77,6.79
c
0.00,0.10,41.71,5.91,6.77
c
0.00,0.10,41.71,5.96,6.77
c
0.00,0.10,41.72,5.96,6.77
c
0.00,0.10,41.73,5.99,6.77
c
0.00,0.10,41.72,6.02,6.77
c
0.00,0.10,41.74,6.02,6.77
c
0.00,0.10,41.71,6.05,6.77
0
0.00,0.10,41.72,6.05,6.77
c
0.00,0.10,41.74,6.08,6.73
0
0.00,0.10,41.72,6.11,6.77
c
0.00,0.10,41.71,6.11,6.77
0
0.00,0.10,41.70,6.14,6.77
c
0.00,0.10,41.71,6.17,6.77
c
0.00,0.10,41.72,6.38,6.77
c
0.00,0.10,41.73,7.01,6.77
c
0.00,0.10,41.74,7.85,6.79
c
0.00,0.10,41.78,8.66,6.86
c
0.00,0.10,41.80,9.23,7.01
-
0.00,0.10,41.82,10.03,7.15
c
0.00,0.10,41.87,10.41,7.26
0
0.00,0.10,41.91,10.41,7.33
c
0.00,0.10,41.88,10.03,7.33
,
0.00,0.10,41.90,9.28,7.33
c
0.00,0.10,41.88,8.66,7.33
0
0.00,0.10,41.87,7.98,7.26
c
0.00,0.10,41.82,7.56,7.22
c
0.00,0.10,41.80,7.08,7.15
c
0.00,0.10,41.77,6.60,7.01
c
0.00,0.10,41.73,6.35,6.93
0
0.00,0.10,41.75,5.99,6.86
c
0.00,0.10,41.70,5.86,6.86
.
0.00,0.10,41.73,5.88,6.83
c
0.00,0.10,41.73,5.94,6.79
,
0.00,0.10,41.73,5.99,6.79
c
0.00,0.10,41.71,6.05,6.79
c
0.00,0.10,41.73,6.05,6.77
c
0.00,0.10,41.73,6.08,6.77
c
0.00,0.10,41.71,6.11,6.79
c
0.00,0.10,41.71,6.17,6.77
c
0.00,0.10,41.73,6.28,6.77
-
0.00,0.10,41.71,6.47,6.73
c
0.00,0.10,41.72,6.73,6.73
0
0.00,0.10,41.72,7.11,6.77
c
0.00,0.10,41.73,7.44,6.77
6
0.00,0.10,41.74,7.98,6.79
c
0.00,0.10,41.75,8.52,6.83
0
0.00,0.10,41.78,9.12,6.90
c
0.00,0.10,41.81,9.55,7.01
c
0.00,0.10,41.85,9.91,7.15
c
0.00,0.10,41.85,10.09,7.18
c
0.00,0.10,41.87,10.09,7.22
,
0.00,0.10,41.85,9.98,7.18
c
0.00,0.10,41.85,9.50,7.22
1
0.00,0.10,41.84,8.86,7.22
c
0.00,0.10,41.84,8.33,7.18
0
0.00,0.10,41.83,7.81,7.15
c
0.00,0.10,41.80,7.37,7.11
c
0.00,0.10,41.76,6.86,7.01
c
0.00,0.10,41.77,6.53,6.97
c
0.00,0.10,41.74,6.11,6.86
c
0.00,0.10,41.74,5.94,6.83
c
0.00,0.10,41.74,5.91,6.83
0
0.00,0.10,41.71,5.99,6.83
c
0.00,0.10,41.70,6.02,6.79
c
0.00,0.10,41.72,6.05,6.79
c
0.00,0.10,41.71,6.08,6.79
c
0.00,0.10,41.72,6.11,6.79
c
0.00,0.10,41.71,6.14,6.79
c
0.00,0.10,41.70,6.14,6.79
c
0.00,0.10,41.74,6.17,6.79
6
0.00,0.10,41.72,6.17,6.79
c
0.00,0.10,41.72,6.17,6.79
c
0.00,0.10,41.69,6.22,6.77
c
0.00,0.10,41.71,6.56,6.79
c
0.00,0.10,41.73,7.15,6.79
c
0.00,0.10,41.73,7.65,6.79
c
0.00,0.10,41.73,8.02,6.83
c
0.00,0.10,41.75,8.33,6.86
c
0.00,0.10,41.74,8.81,6.90
,
0.00,0.10,41.77,9.12,6.93
c
0.00,0.10,41.78,9.17,7.01
1
0.00,0.10,41.80,9.17,7.04
c
0.00,0.10,41.79,9.12,7.04
,
0.00,0.10,41.80,8.92,7.04
c
0.00,0.10,41.79,8.71,7.04
c
0.00,0.10,41.79,8.47,7.04
c
0.00,0.10,41.78,8.29,7.04
c
0.00,0.10,41.79,8.11,7.04
c
0.00,0.10,41.77,7.98,7.04
c
0.00,0.10,41.76,7.73,7.04
,
0.00,0.10,41.77,7.52,7.04
c
0.00,0.10,41.77,7.33,7.04
1
0.00,0.10,41.76,7.26,7.01
c
0.00,0.10,41.75,7.18,7.01
0
0.00,0.10,41.75,7.04,7.01
c
0.00,0.10,41.75,6.90,6.97
c
0.00,0.10,41.76,6.79,6.97
c
0.00,0.10,41.74,6.77,6.97
c
0.00,0.10,41.75,6.70,6.90
c
0.00,0.10,41.73,6.63,6.93
c
0.00,0.10,41.73,6.60,6.90
0
0.00,0.10,41.74,6.53,6.90
c
0.00,0.10,41.72,6.53,6.90
c
0.00,0.10,41.74,6.47,6.86
c
0.00,0.10,41.75,6.38,6.90
c
0.00,0.10,41.72,6.22,6.86
c
0.00,0.10,41.72,6.20,6.86
0
0.00,0.10,41.72,6.22,6.86
c
0.00,0.10,41.71,6.22,6.86
c
0.00,0.10,41.74,6.20,6.86
c
0.00,0.10,41.73,6.22,6.86
c
0.00,0.10,41.71,6.22,6.86
c
0.00,0.10,41.71,6.25,6.83
c
0.00,0.10,41.71,6.28,6.83
c
0.00,0.10,41.70,6.32,6.83
c
0.00,0.10,41.74,6.35,6.83
c
0.00,0.10,41.73,6.44,6.83
c
0.00,0.10,41.72,6.53,6.83
,
0.00,0.10,41.69,6.63,6.83
c
0.00,0.10,41.72,6.70,6.83
1
0.00,0.10,41.72,6.77,6.86
c
0.00,0.10,41.71,6.83,6.83
-
0.00,0.10,41.70,6.93,6.83
c
0.00,0.10,41.71,7.04,6.83
c
0.00,0.10,41.73,7.18,6.83
c
0.00,0.10,41.71,7.30,6.83
c
0.00,0.10,41.71,7.44,6.83
c
0.00,0.10,41.73,7.56,6.83
c
0.00,0.10,41.73,7.69,6.83
.
0.00,0.10,41.73,7.81,6.86
c
0.00,0.10,41.73,7.85,6.86
,
0.00,0.10,41.73,7.93,6.83
c
0.00,0.10,41.74,8.02,6.86
,
0.00,0.10,41.74,8.02,6.86
c
0.00,0.10,41.74,8.02,6.86
,
0.00,0.10,41.74,7.98,6.86
c
0.00,0.10,41.73,7.98,6.86
c
0.00,0.10,41.74,7.98,6.86
-
0.00,0.10,41.72,7.98,6.86
c
0.00,0.10,41.74,7.98,6.86
0
0.00,0.10,41.74,7.98,6.86
c
0.00,0.10,41.74,7.98,6.86
-
0.00,0.10,41.74,7.98,6.86
c
0.00,0.10,41.75,7.98,6.86
c
0.00,0.10,41.74,8.02,6.86
c
0.00,0.10,41.73,8.02,6.86
c
0.00,0.10,41.76,8.02,6.90
c
0.00,0.10,41.73,7.98,6.86
c
0.00,0.10,41.71,8.02,6.86
c
0.00,0.10,41.74,7.98,6.86
c
0.00,0.10,41.74,7.98,6.86
,
0.00,0.10,41.72,7.98,6.86
c
0.00,0.10,41.75,7.93,6.86
c
0.00,0.10,41.74,7.93,6.86
c
0.00,0.10,41.75,7.98,6.86
c
0.00,0.10,41.76,7.98,6.86
c
0.00,0.10,41.72,7.98,6.86
1
0.00,0.10,41.76,7.89,6.86
c
0.00,0.10,41.72,7.76,6.90
,
0.00,0.10,41.71,7.61,6.90
c
0.00,0.10,41.74,7.48,6.86
c
0.00,0.10,41.71,7.22,6.90
c
0.00,0.10,41.71,6.83,6.86
c
0.00,0.10,41.73,6.56,6.86
-
0.00,0.10,41.72,6.47,6.86
c
0.00,0.10,41.72,6.35,6.86
1
0.00,0.10,41.73,6.32,6.83
c
0.00,0.10,41.71,6.32,6.86
,
0.00,0.10,41.71,6.38,6.83
c
0.00,0.10,41.69,6.35,6.83
c
0.00,0.10,41.71,6.41,6.83
c
0.00,0.10,41.71,6.41,6.83
c
0.00,0.10,41.72,6.41,6.83
c
0.00,0.10,41.72,6.44,6.83
c
0.00,0.10,41.72,6.47,6.86
c
0.00,0.10,41.71,6.41,6.83
c
0.00,0.10,41.71,6.47,6.86
,
0.00,0.10,41.72,6.50,6.79
c
0.00,0.10,41.72,6.47,6.79
c
0.00,0.10,41.73,6.50,6.83
c
0.00,0.10,41.71,6.50,6.83
.
0.00,0.10,41.70,6.50,6.83
c
0.00,0.10,41.71,6.53,6.83
0
0.00,0.10,41.72,6.50,6.83
c
0.00,0.10,41.71,6.50,6.83
c
0.00,0.10,41.72,6.53,6.83
c
0.00,0.10,41.71,6.50,6.83
c
0.00,0.10,41.72,6.53,6.83
,
0.00,0.10,41.71,6.53,6.83
c
0.00,0.10,41.72,6.53,6.83
c
0.00,0.10,41.73,6.53,6.83
c
0.00,0.10,41.71,6.53,6.83
c
0.00,0.10,41.69,6.56,6.83
c
0.00,0.10,41.71,6.56,6.83
1
0.00,0.10,41.71,6.56,6.83
c
0.00,0.10,41.73,6.56,6.83
0
0.00,0.10,41.72,6.56,6.83
c
0.00,0.10,41.69,6.56,6.83
c
0.00,0.10,41.71,6.56,6.83
0
0.00,0.10,41.71,6.60,6.83
c
0.00,0.10,41.72,6.63,6.83
1
0.00,0.10,41.73,6.73,6.83
c
0.00,0.10,41.71,6.86,6.83
-
0.00,0.10,41.70,7.08,6.83
c
0.00,0.10,41.72,7.26,6.83
c
0.00,0.10,41.71,7.44,6.83
c
0.00,0.10,41.73,7.61,6.83
c
0.00,0.10,41.70,7.81,6.83
c
0.00,0.10,41.72,7.89,6.83
c
0.00,0.10,41.74,7.93,6.83
0
0.00,0.10,41.71,7.98,6.86
c
0.00,0.10,41.73,8.02,6.83
,
0.00,0.10,41.72,8.02,6.86
c
0.00,0.10,41.73,8.02,6.86
,
0.00,0.10,41.73,7.98,6.86
c
0.00,0.10,41.72,7.93,6.86
c
0.00,0.10,41.75,7.89,6.86
c
0.00,0.10,41.73,7.85,6.86
c
0.00,0.10,41.73,7.81,6.86
c
0.00,0.10,41.72,7.81,6.86
c
0.00,0.10,41.73,7.85,6.86
1
0.00,0.10,41.73,7.93,6.86
c
0.00,0.10,41.73,7.98,6.86
,
0.00,0.10,41.73,8.07,6.86
c
0.00,0.10,41.73,8.11,6.83
,
0.00,0.10,41.74,8.11,6.86
c
0.00,0.10,41.73,8.15,6.86
c
0.00,0.09,41.73,8.07,6.86
c
0.00,0.09,41.71,6.70,6.86
c
0.00,0.09,41.69,6.41,6.83
c
0.00,0.09,41.71,6.63,6.83
c
0.00,0.09,41.73,6.44,6.79
c
0.00,0.09,41.71,6.47,6.83
c
0.00,0.09,41.71,6.77,6.83
0
0.00,0.09,41.71,6.60,6.83
c
0.00,0.09,41.71,6.47,6.83
1
0.00,0.09,41.71,6.77,6.83
c
0.00,0.09,41.71,6.44,6.83
,
0.00,0.09,41.71,6.41,6.83
c
0.00,0.09,41.73,6.77,6.83
c
0.00,0.09,41.71,6.41,6.79
c
0.00,0.10,41.71,6.53,6.77
c
0.00,0.09,41.74,6.73,6.79
c
0.00,0.09,41.71,6.56,6.77
c
0.00,0.09,41.71,6.50,6.79
c
0.00,0.09,41.69,6.77,6.79
c
0.00,0.09,41.71,6.70,6.79
0
0.00,0.09,41.71,6.53,6.77
c
0.00,0.09,41.71,6.73,6.79
,
0.00,0.09,41.71,6.73,6.79
c
0.00,0.09,41.69,6.53,6.79
0
0.00,0.09,41.71,6.66,6.79
c
0.00,0.09,41.69,6.66,6.79
c
0.00,0.09,41.71,6.56,6.79
c
0.00,0.09,41.71,6.70,6.79
c
0.00,0.09,41.69,6.73,6.79
c
0.00,0.09,41.68,6.63,6.83
c
0.00,0.09,41.71,6.73,6.79
.
0.00,0.09,41.72,6.70,6.83
c
0.00,0.09,41.70,6.66,6.79
,
0.00,0.09,41.69,6.70,6.79
c
0.00,0.09,41.73,6.70,6.83
-
0.00,0.09,41.69,6.70,6.79
c
0.00,0.09,41.71,6.70,6.83
c
0.00,0.09,41.70,6.70,6.79
c
0.00,0.09,41.71,6.70,6.79
c
0.00,0.09,41.71,6.79,6.79
c
0.00,0.09,41.73,7.04,6.83
c
0.00,0.09,41.73,7.48,6.83
c
0.00,0.09,41.73,7.89,6.79
c
0.00,0.09,41.73,8.02,6.83
0
0.00,0.09,41.73,8.07,6.83
c
0.00,0.09,41.74,8.07,6.86
-
0.00,0.09,41.74,8.07,6.83
c
0.00,0.09,41.73,8.11,6.83
6
0.00,0.09,41.73,8.11,6.86
c
0.00,0.09,41.75,8.15,6.83
c
0.00,0.09,41.74,8.24,6.86
c
0.00,0.09,41.73,8.33,6.86
c
0.00,0.09,41.73,8.52,6.86
c
0.00,0.09,41.74,8.76,6.86
c
0.00,0.09,41.76,8.92,6.93
,
0.00,0.09,41.75,9.12,7.01
c
0.00,0.09,41.78,9.17,7.01
1
0.00,0.09,41.78,9.12,7.01
c
0.00,0.09,41.78,7.52,7.01
-
0.00,0.09,41.73,5.34,6.97
c
0.00,0.09,41.73,6.63,6.83
c
0.00,0.09,41.71,7.30,6.77
c
0.00,0.09,41.73,7.01,6.73
c
0.00,0.09,41.72,6.35,6.73
c
0.00,0.09,41.73,6.22,6.79
c
0.00,0.09,41.73,6.83,6.83
-
0.00,0.09,41.71,7.01,6.79
c
0.00,0.09,41.73,6.20,6.77
c
0.00,0.09,41.70,6.47,6.79
c
0.00,0.09,41.69,6.97,6.77
c
0.00,0.09,41.72,6.66,6.77
c
0.00,0.09,41.70,6.32,6.77
1
0.00,0.09,41.71,6.44,6.79
c
0.00,0.09,41.69,6.83,6.77
,
0.00,0.09,41.70,6.32,6.77
c
0.00,0.09,41.72,6.79,6.79
c
0.00,0.09,41.70,6.79,6.79
c
0.00,0.09,41.73,6.41,6.77
c
0.00,0.09,41.69,6.53,6.79
-
0.00,0.09,41.70,6.77,6.79
c
0.00,0.09,41.69,6.53,6.77
c
0.00,0.09,41.70,6.44,6.79
c
0.00,0.09,41.73,6.79,6.79
1
0.00,0.09,41.72,6.79,6.79
c
0.00,0.09,41.70,6.50,6.77
,
0.00,0.09,41.73,6.77,6.79
c
0.00,0.09,41.71,6.70,6.77
c
0.00,0.09,41.71,6.53,6.79
c
0.00,0.09,41.69,6.73,6.73
c
0.00,0.09,41.71,6.77,6.79
0
0.00,0.09,41.71,6.70,6.79
c
0.00,0.09,41.71,6.73,6.79
0
0.00,0.09,41.72,6.79,6.79
c
0.00,0.09,41.71,6.70,6.79
,
0.00,0.09,41.72,6.77,6.79
c
0.00,0.09,41.73,6.77,6.79
c
0.00,0.09,41.71,6.70,6.79
c
0.00,0.09,41.70,6.77,6.79
c
0.00,0.09,41.71,6.77,6.79
c
0.00,0.09,41.73,6.73,6.79
c
0.00,0.09,41.69,6.77,6.79
c
0.00,0.09,41.71,6.79,6.79
c
0.00,0.09,41.71,6.73,6.77
,
0.00,0.09,41.70,6.73,6.79
c
0.00,0.09,41.70,6.77,6.79
1
0.00,0.09,41.69,6.77,6.77
c
0.00,0.09,41.69,6.70,6.79
,
0.00,0.09,41.70,6.79,6.79
c
0.00,0.09,41.72,6.77,6.79
c
0.00,0.09,41.70,6.73,6.79
c
0.00,0.09,41.69,6.79,6.79
c
0.00,0.09,41.71,6.77,6.79
c
0.00,0.09,41.70,6.73,6.79
c
0.00,0.09,41.72,6.77,6.79
,
0.00,0.09,41.70,6.79,6.79
c
0.00,0.09,41.70,6.77,6.79
1
0.00,0.09,41.71,6.77,6.79
c
0.00,0.09,41.71,6.79,6.79
,
0.00,0.09,41.70,6.77,6.79
c
0.00,0.09,41.71,6.77,6.79
c
0.00,0.09,41.71,6.77,6.77
c
0.00,0.09,41.73,6.77,6.79
c
0.00,0.09,41.70,6.77,6.79
c
0.00,0.09,41.70,6.79,6.79
c
0.00,0.09,41.71,6.79,6.79
c
0.00,0.09,41.69,6.77,6.77
c
0.00,0.09,41.70,6.77,6.79
0
0.00,0.09,41.71,6.77,6.79
c
0.00,0.09,41.73,6.77,6.79
0
0.00,0.09,41.71,6.79,6.83
c
0.00,0.09,41.71,6.77,6.79
,
0.00,0.09,41.72,6.77,6.83
c
0.00,0.09,41.71,6.77,6.83
c
0.00,0.09,41.73,6.77,6.79
c
0.00,0.09,41.69,6.79,6.77
c
0.00,0.09,41.71,6.77,6.79
c
0.00,0.09,41.70,6.79,6.77
c
0.00,0.09,41.69,6.79,6.77
0
0.00,0.09,41.71,6.79,6.79
c
0.00,0.09,41.70,6.79,6.79
1
0.00,0.09,41.70,6.77,6.79
c
0.00,0.09,41.71,6.77,6.79
0
0.00,0.09,41.70,6.83,6.77
c
0.00,0.09,41.74,6.79,6.77
c
0.00,0.09,41.71,6.79,6.79
c
0.00,0.09,41.71,6.79,6.77
c
0.00,0.09,41.71,6.79,6.79
c
0.00,0.09,41.71,6.79,6.77
c
0.00,0.09,41.70,6.79,6.79
c
0.00,0.09,41.71,6.79,6.79
c
0.00,0.09,41.73,6.79,6.79
,
0.00,0.09,41.69,6.79,6.79
c
0.00,0.09,41.70,6.79,6.77
.
0.00,0.09,41.70,6.79,6.79
c
0.00,0.09,41.71,6.79,6.79
6
0.00,0.09,41.71,6.79,6.77
c
0.00,0.09,41.69,6.83,6.79
c
0.00,0.09,41.69,6.79,6.79
c
0.00,0.09,41.71,6.83,6.77
c
0.00,0.09,41.70,6.83,6.77
c
0.00,0.09,41.68,6.79,6.79
c
0.00,0.09,41.71,6.83,6.79
-
0.00,0.09,41.71,6.77,6.79
c
0.00,0.09,41.71,6.77,6.83
1
0.00,0.09,41.71,6.79,6.79
c
0.00,0.09,41.69,6.79,6.79
-
0.00,0.09,41.73,6.79,6.83
c
0.00,0.09,41.72,6.79,6.79
c
0.00,0.09,41.70,6.79,6.79
c
0.00,0.09,41.73,6.79,6.79
c
0.00,0.09,41.69,6.79,6.79
c
0.00,0.09,41.71,6.79,6.79
c
0.00,0.09,41.69,6.79,6.83
c
0.00,0.09,41.72,6.79,6.79
c
0.00,0.09,41.73,6.77,6.79
0
0.00,0.09,41.71,6.79,6.79
c
0.00,0.09,41.69,6.79,6.79
0
0.00,0.09,41.71,6.79,6.79
c
0.00,0.09,41.71,6.79,6.79
0
0.00,0.09,41.72,6.79,6.79
c
0.00,0.09,41.71,6.79,6.79
c
0.00,0.09,41.70,6.79,6.79
c
0.00,0.09,41.71,6.79,6.77
c
0.00,0.09,41.68,6.79,6.79
c
0.00,0.09,41.73,6.79,6.79
c
0.00,0.09,41.70,6.83,6.79
0
0.00,0.09,41.71,6.83,6.79
c
0.00,0.09,41.70,6.79,6.79
0
0.00,0.09,41.70,6.83,6.77
c
0.00,0.09,41.71,6.79,6.79
0
0.00,0.09,41.72,6.83,6.79
c
0.00,0.09,41.73,6.83,6.79
c
0.00,0.09,41.71,6.79,6.79
c
0.00,0.09,41.71,6.83,6.79
c
0.00,0.09,41.69,6.83,6.79
c
0.00,0.09,41.72,6.79,6.79
c
0.00,0.09,41.72,6.83,6.79
0
0.00,0.09,41.70,6.83,6.79
c
0.00,0.09,41.71,6.83,6.79
,
0.00,0.09,41.72,6.83,6.79
c
0.00,0.09,41.69,6.83,6.79
,
0.00,0.09,41.71,6.83,6.79
c
0.00,0.09,41.71,6.83,6.79
0
0.00,0.09,41.71,6.83,6.79
c
0.00,0.09,41.70,6.86,6.79
c
0.00,0.09,41.72,6.83,6.79
0
0.00,0.09,41.71,6.83,6.79
c
0.00,0.09,41.69,6.83,6.79
,
0.00,0.09,41.71,6.83,6.79
c
0.00,0.09,41.69,6.83,6.79
-
0.00,0.09,41.70,6.86,6.79
c
0.00,0.09,41.69,6.86,6.79
c
0.00,0.09,41.70,6.86,6.79
c
0.00,0.09,41.71,6.86,6.79
c
0.00,0.09,41.71,6.86,6.79
c
0.00,0.09,41.68,6.86,6.79
c
0.00,0.09,41.71,6.86,6.79
c
0.00,0.09,41.70,6.86,6.79
c
0.00,0.09,41.69,6.86,6.79
6
0.00,0.09,41.70,6.86,6.79
c
0.00,0.09,41.70,6.86,6.79
0
0.00,0.09,41.70,6.86,6.79
c
0.00,0.09,41.71,6.90,6.79
6
0.00,0.09,41.69,6.86,6.79
c
0.00,0.09,41.73,6.86,6.79
c
0.00,0.09,41.71,6.86,6.83
c
0.00,0.09,41.69,6.86,6.79
c
0.00,0.09,41.69,6.86,6.79
0
0.00,0.09,41.71,6.86,6.79
c
0.00,0.09,41.70,6.86,6.79
.
0.00,0.09,41.68,6.86,6.79
c
0.00,0.09,41.69,6.86,6.79
0
0.00,0.09,41.72,6.86,6.79
c
0.00,0.09,41.71,6.83,6.79
c
0.00,0.09,41.69,6.83,6.79
c
0.00,0.09,41.68,6.83,6.79
c
0.00,0.09,41.71,6.86,6.77
c
0.00,0.09,41.69,6.86,6.79
c
0.00,0.09,41.73,6.86,6.79
0
0.00,0.09,41.70,6.83,6.79
c
0.00,0.09,41.72,6.86,6.79
c
0.00,0.09,41.71,6.83,6.79
c
0.00,0.09,41.71,6.86,6.79
c
0.00,0.09,41.68,6.86,6.79
c
0.00,0.09,41.69,6.83,6.79
c
0.00,0.09,41.69,6.83,6.79
c
0.00,0.09,41.69,6.83,6.79
-
0.00,0.09,41.70,6.83,6.77
c
0.00,0.09,41.71,6.86,6.79
c
0.00,0.09,41.71,6.83,6.79
c
0.00,0.09,41.71,6.83,6.79
c
0.00,0.09,41.70,6.86,6.79
c
0.00,0.09,41.72,6.83,6.79
c
0.00,0.09,41.73,6.86,6.77
,
0.00,0.09,41.70,6.86,6.79
c
0.00,0.09,41.71,6.83,6.79
0
0.00,0.09,41.71,6.86,6.79
c
0.00,0.09,41.71,6.86,6.77
-
0.00,0.09,41.68,6.83,6.79
c
0.00,0.09,41.71,6.86,6.77
c
0.00,0.09,41.70,6.86,6.79
c
0.00,0.09,41.71,6.86,6.79
c
0.00,0.09,41.69,6.83,6.79
c
0.00,0.09,41.69,6.86,6.79
c
0.00,0.09,41.71,6.86,6.79
0
0.00,0.09,41.72,6.86,6.79
c
0.00,0.09,41.73,6.86,6.79
0
0.00,0.09,41.73,6.86,6.79
c
0.00,0.09,41.70,6.86,6.79
0
0.00,0.09,41.71,6.86,6.79
c
0.00,0.09,41.73,6.86,6.79
c
0.00,0.09,41.70,6.86,6.79
c
0.00,0.09,41.71,6.86,6.79
c
0.00,0.09,41.72,6.86,6.79
c
0.00,0.09,41.73,6.86,6.79
c
0.00,0.09,41.70,6.86,6.79
-
0.00,0.09,41.69,6.90,6.77
c
0.00,0.09,41.71,6.86,6.79
c
0.00,0.09,41.69,6.86,6.77
c
0.00,0.09,41.69,6.86,6.77
.
0.00,0.09,41.68,6.86,6.79
c
0.00,0.09,41.71,6.90,6.77
0
0.00,0.09,41.69,6.86,6.77
c
0.00,0.09,41.70,6.86,6.79
c
0.00,0.09,41.71,6.90,6.79
c
0.00,0.09,41.71,6.90,6.77
c
0.00,0.09,41.71,6.90,6.79
-
0.00,0.09,41.70,6.90,6.79
c
0.00,0.09,41.69,6.90,6.79
0
0.00,0.09,41.71,6.90,6.77
c
0.00,0.09,41.72,6.90,6.77
0
0.00,0.09,41.70,6.90,6.77
c
0.00,0.09,41.71,6.90,6.79
c
0.00,0.09,41.71,6.90,6.79
c
0.00,0.09,41.70,6.90,6.77
c
0.00,0.09,41.74,6.90,6.77
c
0.00,0.09,41.69,6.90,6.79
c
0.00,0.09,41.71,6.90,6.77
-
0.00,0.09,41.71,6.90,6.77
c
0.00,0.09,41.72,6.90,6.79
c
0.00,0.09,41.70,6.90,6.77
c
0.00,0.09,41.71,6.90,6.79
c
0.00,0.09,41.71,6.90,6.77
c
0.00,0.09,41.71,6.90,6.79
.
0.00,0.09,41.73,6.90,6.79
c
0.00,0.09,41.70,6.90,6.79
c
0.00,0.09,41.71,6.90,6.77
c
0.00,0.09,41.73,6.90,6.79
c
0.00,0.09,41.69,6.90,6.77
c
0.00,0.09,41.72,6.90,6.79
c
0.00,0.09,41.69,6.90,6.79
c
0.00,0.09,41.69,6.90,6.77
c
0.00,0.09,41.70,6.90,6.79
,
0.00,0.09,41.69,6.90,6.79
c
0.00,0.09,41.72,6.86,6.79
1
0.00,0.09,41.72,6.90,6.79
c
0.00,0.09,41.69,6.90,6.79
0
0.00,0.09,41.71,6.86,6.77
c
0.00,0.09,41.70,6.90,6.77
c
0.00,0.09,41.70,6.90,6.77
c
0.00,0.09,41.71,6.86,6.77
c
0.00,0.09,41.72,6.86,6.77
c
0.00,0.09,41.69,6.90,6.77
c
0.00,0.09,41.69,6.90,6.79
0
0.00,0.09,41.70,6.90,6.77
c
0.00,0.09,41.70,6.90,6.79
1
0.00,0.09,41.69,6.90,6.77
c
0.00,0.09,41.71,6.90,6.77
,
0.00,0.09,41.71,6.90,6.77
c
0.00,0.09,41.71,6.90,6.77
c
0.00,0.09,41.71,6.90,6.77
c
0.00,0.09,41.70,6.90,6.77
c
0.00,0.09,41.70,6.90,6.77
0
0.00,0.09,41.71,6.90,6.79
c
0.00,0.09,41.72,6.90,6.77
0
0.00,0.09,41.71,6.90,6.77
c
0.00,0.09,41.69,6.90,6.79
-
0.00,0.09,41.71,6.90,6.79
c
0.00,0.09,41.71,6.86,6.77
0
0.00,0.09,41.71,6.90,6.79
c
0.00,0.09,41.70,6.90,6.77
c
0.00,0.09,41.70,6.90,6.77
0
0.00,0.09,41.72,6.90,6.77
c
0.00,0.09,41.69,6.86,6.77
1
0.00,0.09,41.71,6.90,6.79
c
0.00,0.09,41.71,6.86,6.77
,
0.00,0.09,41.72,6.90,6.77
c
0.00,0.09,41.71,6.90,6.77
c
0.00,0.09,41.71,6.86,6.79
c
0.00,0.09,41.71,6.90,6.79
c
0.00,0.09,41.70,6.90,6.77
c
0.00,0.09,41.71,6.86,6.79
c
0.00,0.09,41.69,6.86,6.79
,
0.00,0.09,41.71,6.86,6.77
c
0.00,0.09,41.69,6.86,6.77
1
0.00,0.09,41.70,6.90,6.77
c
0.00,0.09,41.70,6.86,6.77
6
0.00,0.09,41.71,6.86,6.77
c
0.00,0.09,41.69,6.86,6.77
c
0.00,0.09,41.69,6.90,6.77
c
0.00,0.09,41.70,6.90,6.77
c
0.00,0.09,41.71,6.90,6.77
c
0.00,0.09,41.71,6.90,6.77
c
0.00,0.09,41.72,6.90,6.77
6
0.00,0.09,41.70,6.90,6.77
c
0.00,0.09,41.70,6.90,6.73
.
0.00,0.09,41.69,6.86,6.77
c
0.00,0.09,41.69,6.90,6.77
,
0.00,0.09,41.70,6.90,6.77
c
0.00,0.09,41.71,6.90,6.77
c
0.00,0.09,41.68,6.90,6.77
c
0.00,0.09,41.71,6.90,6.73
c
0.00,0.09,41.72,6.86,6.73
c
0.00,0.09,41.69,6.90,6.77
c
0.00,0.09,41.69,6.90,6.73
,
0.00,0.09,41.71,6.90,6.77
c
0.00,0.09,41.69,6.90,6.77
1
0.00,0.09,41.70,6.90,6.77
c
0.00,0.09,41.69,6.90,6.77
6
0.00,0.09,41.71,6.83,6.77
c
0.00,0.09,41.70,6.90,6.77
c
0.00,0.09,41.69,6.90,6.77
c
0.00,0.09,41.71,6.90,6.77
c
0.00,0.09,41.69,6.90,6.73
c
0.00,0.09,41.70,6.90,6.77
c
0.00,0.09,41.70,6.90,6.77
0
0.00,0.09,41.72,6.90,6.77
c
0.00,0.09,41.70,6.90,6.77
1
0.00,0.09,41.71,6.90,6.73
c
0.00,0.09,41.69,6.90,6.77
0
0.00,0.09,41.69,6.90,6.77
c
0.00,0.09,41.69,6.90,6.77
c
0.00,0.09,41.69,6.90,6.73
c
0.00,0.09,41.70,6.90,6.77
c
0.00,0.09,41.71,6.90,6.73
c
0.00,0.09,41.70,6.90,6.77
c
0.00,0.09,41.70,6.90,6.77
,
0.00,0.09,41.71,6.90,6.77
c
0.00,0.09,41.69,6.90,6.77
.
0.00,0.09,41.71,6.90,6.77
c
0.00,0.09,41.69,6.90,6.77
0
0.00,0.09,41.72,6.90,6.77
c
0.00,0.09,41.71,6.90,6.77
c
0.00,0.09,41.69,6.90,6.77
c
0.00,0.09,41.68,6.90,6.77
c
0.00,0.09,41.71,6.90,6.77
0
0.00,0.09,41.71,6.90,6.77
c
0.00,0.09,41.72,6.90,6.77
,
0.00,0.09,41.71,6.90,6.77
c
0.00,0.09,41.70,6.90,6.77
0
0.00,0.09,41.69,6.90,6.77
c
0.00,0.09,41.71,6.90,6.77
0
0.00,0.09,41.69,6.90,6.77
c
0.00,0.09,41.71,6.90,6.77
c
0.00,0.09,41.72,6.90,6.77
0
0.00,0.09,41.69,6.90,6.77
c
0.00,0.09,41.70,6.90,6.77
c
0.00,0.09,41.71,6.90,6.77
c
0.00,0.09,41.71,6.90,6.77
c
0.00,0.09,41.69,6.90,6.77
c
0.00,0.09,41.72,6.90,6.77
0
0.00,0.09,41.69,6.90,6.77
c
0.00,0.09,41.69,6.90,6.77
c
0.00,0.09,41.70,6.90,6.73
c
0.00,0.09,41.70,6.90,6.77
c
0.00,0.09,41.72,6.90,6.77
c
0.00,0.09,41.73,6.90,6.77
c
0.00,0.09,41.70,6.90,6.77
c
0.00,0.09,41.71,6.90,6.77
c
0.00,0.09,41.71,6.90,6.73
-
0.00,0.09,41.70,6.90,6.77
c
0.00,0.09,41.71,6.90,6.77
c
0.00,0.09,41.71,6.90,6.73
c
0.00,0.09,41.71,6.90,6.77
1
0.00,0.09,41.70,6.90,6.77
c
0.00,0.09,41.72,6.90,6.77
c
0.00,0.09,41.68,6.90,6.77
c
0.00,0.09,41.73,6.90,6.77
c
0.00,0.09,41.69,6.90,6.77
c
0.00,0.09,41.72,6.90,6.77
c
0.00,0.09,41.67,6.90,6.77
c
0.00,0.09,41.72,6.90,6.77
c
0.00,0.09,41.70,6.90,6.77
c
0.00,0.09,41.71,6.90,6.77
c
0.00,0.09,41.70,6.90,6.77
,
0.00,0.09,41.69,6.90,6.77
c
0.00,0.09,41.71,6.90,6.79
1
0.00,0.09,41.69,6.90,6.73
c
0.00,0.09,41.71,6.90,6.77
,
0.00,0.09,41.69,6.90,6.77
c
0.00,0.09,41.71,6.90,6.73
c
0.00,0.09,41.70,6.90,6.77
c
0.00,0.09,41.70,6.90,6.77
c
0.00,0.09,41.71,6.90,6.77
c
0.00,0.09,41.69,6.90,6.77
c
0.00,0.09,41.72,6.90,6.77
6
0.00,0.09,41.67,6.90,6.77
c
0.00,0.09,41.70,6.90,6.77
0
0.00,0.09,41.71,6.90,6.73
c
0.00,0.09,41.69,6.90,6.77
,
0.00,0.09,41.68,6.90,6.77
c
0.00,0.09,41.70,6.90,6.77
c
0.00,0.09,41.69,6.90,6.77
c
0.00,0.09,41.68,6.90,6.73
c
0.00,0.09,41.71,6.90,6.77
.
0.00,0.09,41.69,6.90,6.77
c
0.00,0.09,41.70,6.90,6.77
,
0.00,0.09,41.71,6.90,6.77
c
0.00,0.09,41.71,6.90,6.77
,
0.00,0.09,41.70,6.90,6.73
c
0.00,0.09,41.71,6.90,6.73
c
0.00,0.09,41.72,6.90,6.73
c
0.00,0.09,41.71,6.86,6.73
c
0.00,0.09,41.69,6.93,6.77
c
0.00,0.09,41.69,6.86,6.77
c
0.00,0.09,41.69,6.90,6.77
-
0.00,0.09,41.69,6.86,6.77
c
0.00,0.09,41.70,6.90,6.77
c
0.00,0.09,41.71,6.90,6.77
c
0.00,0.09,41.71,6.90,6.77
0
0.00,0.09,41.68,6.90,6.77
c
0.00,0.09,41.71,6.90,6.70
0
0.00,0.09,41.73,6.90,6.77
c
0.00,0.09,41.71,6.90,6.77
c
0.00,0.09,41.71,6.90,6.77
c
0.00,0.09,41.69,6.90,6.77
c
0.00,0.09,41.71,6.90,6.77
,
0.00,0.09,41.71,6.90,6.77
c
0.00,0.09,41.69,6.90,6.77
1
0.00,0.09,41.71,6.90,6.77
c
0.00,0.09,41.70,6.90,6.77
,
0.00,0.09,41.70,6.93,6.73
c
0.00,0.09,41.69,6.90,6.77
c
0.00,0.09,41.69,6.90,6.77
c
0.00,0.09,41.70,6.90,6.77
c
0.00,0.09,41.71,6.90,6.77
c
0.00,0.09,41.71,6.90,6.77
c
0.00,0.09,41.71,6.90,6.73
,
0.00,0.09,41.70,6.90,6.73
c
0.00,0.09,41.71,6.90,6.77
c
0.00,0.09,41.71,6.90,6.77
c
0.00,0.09,41.70,6.90,6.77
1
0.00,0.09,41.73,6.90,6.77
c
0.00,0.09,41.69,6.93,6.77
0
0.00,0.09,41.70,6.90,6.77
c
0.00,0.09,41.70,6.86,6.77
c
0.00,0.09,41.69,6.90,6.77
c
0.00,0.09,41.70,6.90,6.77
c
0.00,0.09,41.70,6.90,6.77
6
0.00,0.09,41.69,6.90,6.77
c
0.00,0.09,41.71,6.90,6.77
c
0.00,0.09,41.71,6.90,6.77
c
0.00,0.09,41.69,6.90,6.77
c
0.00,0.09,41.71,6.93,6.77
c
0.00,0.09,41.69,6.90,6.77
0
0.00,0.09,41.71,6.93,6.77
c
0.00,0.09,41.71,6.93,6.77
0
0.00,0.09,41.71,6.93,6.77
c
0.00,0.09,41.70,6.90,6.77
c
0.00,0.09,41.73,6.93,6.73
0
0.00,0.09,41.70,6.90,6.77
c
0.00,0.09,41.71,6.90,6.73
c
0.00,0.09,41.69,6.90,6.77
c
0.00,0.09,41.72,6.90,6.77
.
0.00,0.09,41.71,6.90,6.77
c
0.00,0.09,41.69,6.93,6.77
0
0.00,0.09,41.69,6.93,6.77
c
0.00,0.09,41.70,6.90,6.77
c
0.00,0.09,41.69,6.93,6.77
c
0.00,0.09,41.70,6.93,6.77
c
0.00,0.09,41.71,6.90,6.77
,
0.00,0.09,41.71,6.90,6.77
c
0.00,0.09,41.72,6.93,6.77
1
0.00,0.09,41.72,6.90,6.77
c
0.00,0.09,41.70,6.90,6.77
6
0.00,0.09,41.71,6.90,6.77
c
0.00,0.09,41.67,6.93,6.77
c
0.00,0.09,41.71,6.93,6.77
c
0.00,0.09,41.71,6.93,6.77
c
0.00,0.09,41.69,6.90,6.77
c
0.00,0.09,41.68,6.90,6.73
c
0.00,0.09,41.72,6.83,6.73
0
0.00,0.09,41.69,6.93,6.73
c
0.00,0.09,41.69,6.93,6.77
0
0.00,0.09,41.71,6.90,6.77
c
0.00,0.09,41.68,6.90,6.73
.
0.00,0.09,41.72,6.93,6.77
c
0.00,0.09,41.70,6.90,6.77
c
0.00,0.09,41.70,6.93,6.77
c
0.00,0.09,41.70,6.93,6.77
c
0.00,0.09,41.71,6.93,6.77
c
0.00,0.09,41.71,6.93,6.77
c
0.00,0.09,41.70,6.93,6.77
0
0.00,0.09,41.68,6.93,6.77
c
0.00,0.09,41.69,6.90,6.79
1
0.00,0.09,41.71,6.90,6.77
c
0.00,0.09,41.68,6.93,6.77
0
0.00,0.09,41.71,6.93,6.77
c
0.00,0.09,41.71,6.93,6.77
c
0.00,0.09,41.71,6.93,6.77
c
0.00,0.09,41.70,6.93,6.79
c
0.00,0.09,41.70,6.93,6.77
c
0.00,0.09,41.71,6.93,6.77
c
0.00,0.09,41.72,6.93,6.77
0
0.00,0.09,41.68,6.93,6.77
c
0.00,0.09,41.71,6.93,6.77
1
0.00,0.09,41.70,6.93,6.77
c
0.00,0.09,41.70,6.93,6.77
.
0.00,0.09,41.70,6.93,6.77
c
0.00,0.09,41.69,6.93,6.77
c
0.00,0.09,41.71,6.93,6.77
c
0.00,0.09,41.71,6.90,6.77
c
0.00,0.09,41.70,6.93,6.77
c
0.00,0.09,41.70,6.93,6.77
c
0.00,0.09,41.71,6.90,6.77
c
0.00,0.09,41.70,6.93,6.77
c
0.00,0.09,41.71,6.93,6.77
-
0.00,0.09,41.69,6.93,6.77
c
0.00,0.09,41.69,6.93,6.77
c
0.00,0.09,41.71,6.93,6.77
c
0.00,0.09,41.71,6.93,6.77
c
0.00,0.09,41.68,6.93,6.77
c
0.00,0.09,41.69,6.93,6.77
6
0.00,0.09,41.69,6.93,6.77
c
0.00,0.09,41.69,6.93,6.77
c
0.00,0.09,41.69,6.93,6.77
c
0.00,0.09,41.70,6.93,6.77
c
0.00,0.09,41.71,6.93,6.77
c
0.00,0.09,41.71,6.93,6.77
c
0.00,0.09,41.69,6.93,6.77
c
0.00,0.09,41.70,6.93,6.77
c
0.00,0.09,41.71,6.93,6.77
-
0.00,0.09,41.71,6.93,6.77
c
0.00,0.09,41.71,6.93,6.77
1
0.00,0.09,41.69,6.93,6.77
c
0.00,0.09,41.69,6.93,6.77
,
0.00,0.09,41.71,6.93,6.77
c
0.00,0.09,41.70,6.93,6.77
c
0.00,0.09,41.69,6.93,6.77
c
0.00,0.09,41.71,6.93,6.77
c
0.00,0.09,41.70,6.90,6.77
c
0.00,0.09,41.69,6.93,6.79
c
0.00,0.09,41.69,6.93,6.77
0
0.00,0.09,41.70,6.93,6.77
c
0.00,0.09,41.69,6.93,6.77
c
0.00,0.09,41.69,6.93,6.79
c
0.00,0.09,41.70,6.93,6.77
c
0.00,0.09,41.71,6.93,6.77
c
0.00,0.09,41.71,6.93,6.77
,
0.00,0.09,41.71,6.93,6.77
c
0.00,0.09,41.71,6.93,6.77
0
0.00,0.09,41.71,6.93,6.77
c
0.00,0.09,41.69,6.93,6.77
c
0.00,0.09,41.69,6.93,6.77
.
0.00,0.09,41.69,6.93,6.77
c
0.00,0.09,41.70,6.93,6.77
0
0.00,0.09,41.70,6.93,6.77
c
0.00,0.09,41.71,6.93,6.77
-
0.00,0.09,41.71,6.93,6.77
c
0.00,0.09,41.69,6.93,6.77
c
0.00,0.09,41.69,6.93,6.77
c
0.00,0.09,41.70,6.93,6.77
c
0.00,0.09,41.68,6.93,6.77
c
0.00,0.09,41.70,6.93,6.77
c
0.00,0.09,41.71,6.93,6.77
c
0.00,0.09,41.69,6.93,6.77
c
0.00,0.09,41.69,6.93,6.77
,
0.00,0.09,41.70,6.93,6.77
c
0.00,0.09,41.69,6.93,6.77
1
0.00,0.09,41.72,6.93,6.77
c
0.00,0.09,41.71,6.93,6.77
,
0.00,0.09,41.69,6.93,6.77
c
0.00,0.09,41.72,6.93,6.77
c
0.00,0.09,41.71,6.93,6.77
c
0.00,0.09,41.69,6.93,6.77
c
0.00,0.09,41.72,6.93,6.77
c
0.00,0.09,41.69,6.93,6.77
c
0.00,0.09,41.72,6.93,6.77
-
0.00,0.09,41.71,6.93,6.77
c
0.00,0.09,41.71,6.93,6.77
c
0.00,0.09,41.70,6.93,6.77
c
0.00,0.09,41.69,6.93,6.77
0
0.00,0.09,41.71,6.93,6.77
c
0.00,0.09,41.70,6.93,6.77
6
0.00,0.09,41.69,6.93,6.77
c
0.00,0.09,41.71,6.93,6.77
c
0.00,0.09,41.71,6.93,6.77
c
0.00,0.09,41.71,6.93,6.77
c
0.00,0.09,41.70,6.93,6.77
0
0.00,0.09,41.69,6.93,6.77
c
0.00,0.09,41.69,6.93,6.77
,
0.00,0.09,41.72,6.93,6.77
c
0.00,0.09,41.72,6.93,6.77
6
0.00,0.09,41.71,6.93,6.77
c
0.00,0.09,41.71,6.93,6.79
c
0.00,0.09,41.73,6.93,6.77
c
0.00,0.09,41.69,6.93,6.77
c
0.00,0.09,41.71,6.93,6.77
c
0.00,0.09,41.72,6.93,6.77
c
0.00,0.09,41.69,6.93,6.77
c
0.00,0.09,41.71,6.93,6.77
c
0.00,0.09,41.70,6.93,6.77
0
0.00,0.09,41.68,6.93,6.77
c
0.00,0.09,41.71,6.93,6.77
c
0.00,0.09,41.70,6.93,6.77
c
0.00,0.09,41.71,6.93,6.77
c
0.00,0.09,41.69,6.93,6.77
c
0.00,0.09,41.70,6.93,6.77
1
0.00,0.09,41.69,6.93,6.77
c
0.00,0.09,41.69,6.93,6.77
c
0.00,0.09,41.71,6.93,6.77
c
0.00,0.09,41.71,6.93,6.77
c
0.00,0.09,41.68,6.93,6.77
c
0.00,0.09,41.71,6.93,6.77
c
0.00,0.09,41.68,6.93,6.77
c
0.00,0.09,41.71,6.93,6.77
c
0.00,0.09,41.68,6.93,6.77
0
0.00,0.09,41.70,6.93,6.77
c
0.00,0.09,41.72,6.93,6.77
1
0.00,0.09,41.70,6.93,6.77
c
0.00,0.09,41.70,6.93,6.77
0
0.00,0.09,41.71,6.93,6.77
c
0.00,0.09,41.70,6.93,6.77
c
0.00,0.09,41.72,6.93,6.77
c
0.00,0.09,41.71,6.93,6.77
c
0.00,0.09,41.70,6.93,6.77
c
0.00,0.09,41.69,6.93,6.77
c
0.00,0.09,41.70,6.93,6.77
.
0.00,0.09,41.69,6.93,6.77
c
0.00,0.09,41.70,6.93,6.73
,
0.00,0.09,41.72,6.93,6.77
c
0.00,0.09,41.71,6.93,6.77
-
0.00,0.09,41.71,6.93,6.73
c
0.00,0.09,41.70,6.93,6.77
0
0.00,0.09,41.71,6.93,6.77
c
0.00,0.09,41.71,6.93,6.77
c
0.00,0.09,41.71,6.93,6.77
,
0.00,0.09,41.71,6.93,6.77
c
0.00,0.09,41.69,6.93,6.77
1
0.00,0.09,41.70,6.93,6.77
c
0.00,0.09,41.69,6.93,6.77
0
0.00,0.09,41.70,6.86,6.77
c
0.00,0.09,41.71,6.93,6.77
c
0.00,0.09,41.70,6.93,6.77
c
0.00,0.09,41.71,6.93,6.77
c
0.00,0.09,41.71,6.90,6.77
c
0.00,0.09,41.70,6.93,6.77
c
0.00,0.09,41.68,6.93,6.77
,
0.00,0.09,41.70,6.93,6.77
c
0.00,0.09,41.71,6.93,6.77
c
0.00,0.09,41.70,6.93,6.77
c
0.00,0.09,41.71,6.93,6.77
c
0.00,0.09,41.70,6.93,6.77
c
0.00,0.09,41.71,6.97,6.77
-
0.00,0.09,41.70,6.93,6.79
c
0.00,0.09,41.70,6.93,6.77
c
0.00,0.09,41.70,6.93,6.77
c
